date,mf_underway,total_starts,total_comps,vacancy_rt,trs10yr_rt,frm30yr_rt,ppi,hmi,cast_desc,hmi_lag24,target_yoy,total_starts_lag6,total_comps_lag3,vacancy_rt_lag6,trs10yr_rt_lag12,frm30yr_rt_lag3,ppi_lag3,.model
1985 Jan,437,1711,1646,6.3,11.17,12.96,107.1,50,actual,NA,NA,NA,NA,NA,NA,NA,NA,NA
1985 Feb,431,1632,1772,6.3,11.91,12.94,107,58,actual,NA,NA,NA,NA,NA,NA,NA,NA,NA
1985 Mar,428,1800,1715,6.3,11.65,13.29,107.1,54,actual,NA,NA,NA,NA,NA,NA,NA,NA,NA
1985 Apr,445,1821,1630,6.2,11.41,13.12,107.2,49,actual,NA,NA,NA,1646,NA,NA,12.96,107.1,NA
1985 May,445,1680,1665,6.2,10.28,12.71,107.9,51,actual,NA,NA,NA,1772,NA,NA,12.94,107,NA
1985 Jun,439,1676,1791,6.2,10.25,12.15,108.5,54,actual,NA,NA,NA,1715,NA,NA,13.29,107.1,NA
1985 Jul,437,1684,1693,6.8,10.57,12.03,108.2,58,actual,NA,NA,1711,1630,6.3,NA,13.12,107.2,NA
1985 Aug,439,1743,1685,6.8,10.28,12.11,107.9,58,actual,NA,NA,1632,1665,6.3,NA,12.71,107.9,NA
1985 Sep,438,1676,1806,6.8,10.31,12.17,107.4,56,actual,NA,NA,1800,1791,6.3,NA,12.15,108.5,NA
1985 Oct,452,1834,1565,6.7,10.01,12.07,107.5,59,actual,NA,NA,1821,1693,6.2,NA,12.03,108.2,NA
1985 Nov,458,1698,1749,6.7,9.59,11.58,107.3,58,actual,NA,NA,1680,1685,6.2,NA,12.11,107.9,NA
1985 Dec,469,1942,1732,6.7,9,11.09,107.6,57,actual,NA,NA,1676,1806,6.2,NA,12.17,107.4,NA
1986 Jan,469,1972,1723,6.9,9.08,10.89,106.7,57,actual,NA,437,1684,1565,6.8,11.17,12.07,107.5,NA
1986 Feb,475,1848,1753,6.9,8.13,10.51,106.7,55,actual,NA,431,1743,1749,6.8,11.91,11.58,107.3,NA
1986 Mar,473,1876,1756,6.9,7.39,10.1,106.9,57,actual,NA,428,1676,1732,6.8,11.65,11.09,107.6,NA
1986 Apr,496,1933,1685,7.3,7.38,9.86,107.6,62,actual,NA,445,1834,1723,6.7,11.41,10.89,106.7,NA
1986 May,486,1854,1833,7.3,8.05,10.38,107.7,64,actual,NA,445,1698,1753,6.7,10.28,10.51,106.7,NA
1986 Jun,487,1847,1672,7.3,7.35,10.62,107.4,65,actual,NA,439,1942,1756,6.7,10.25,10.1,106.9,NA
1986 Jul,482,1782,1722,7.5,7.34,10.4,107.5,59,actual,NA,437,1972,1685,6.9,10.57,9.86,107.6,NA
1986 Aug,480,1807,1763,7.5,6.95,9.93,107.4,55,actual,NA,439,1848,1833,6.9,10.28,10.38,107.7,NA
1986 Sep,474,1687,1732,7.5,7.45,10.1,107.7,57,actual,NA,438,1876,1672,6.9,10.31,10.62,107.4,NA
1986 Oct,465,1681,1782,7.7,7.34,9.89,107.6,64,actual,NA,452,1933,1722,7.3,10.01,10.4,107.5,NA
1986 Nov,456,1623,1793,7.7,7.15,9.5,107.6,59,actual,NA,458,1854,1763,7.3,9.59,9.93,107.4,NA
1986 Dec,444,1833,1840,7.7,7.23,9.29,107.3,64,actual,NA,469,1847,1732,7.3,9,10.1,107.7,NA
1987 Jan,432,1774,1862,7.4,7.18,9.08,107.6,63,actual,50,469,1782,1782,7.5,9.08,9.89,107.6,NA
1987 Feb,428,1784,1771,7.4,7.19,9.07,107.9,60,actual,58,475,1807,1793,7.5,8.13,9.5,107.6,NA
1987 Mar,412,1726,1694,7.4,7.51,9.03,108.1,60,actual,54,473,1687,1840,7.5,7.39,9.29,107.3,NA
1987 Apr,401,1614,1735,7.5,8.21,10.37,108.3,59,actual,49,496,1681,1862,7.7,7.38,9.08,107.6,NA
1987 May,392,1628,1713,7.5,8.49,10.7,108.3,55,actual,51,486,1623,1771,7.7,8.05,9.07,107.9,NA
1987 Jun,389,1594,1635,7.5,8.38,10.35,108.6,56,actual,54,487,1833,1694,7.7,7.35,9.03,108.1,NA
1987 Jul,380,1575,1685,8.1,8.66,10.27,109.2,55,actual,58,482,1774,1735,7.4,7.34,10.37,108.3,NA
1987 Aug,376,1605,1624,8.1,9,10.33,109.7,54,actual,58,480,1784,1713,7.4,6.95,10.7,108.3,NA
1987 Sep,375,1695,1587,8.1,9.63,11.02,110.5,52,actual,56,474,1726,1635,7.4,7.45,10.35,108.6,NA
1987 Oct,373,1515,1577,7.8,8.88,10.97,111.5,50,actual,59,465,1614,1685,7.5,7.34,10.27,109.2,NA
1987 Nov,375,1656,1578,7.8,8.99,10.55,112.2,56,actual,58,456,1628,1624,7.5,7.15,10.33,109.7,NA
1987 Dec,358,1400,1632,7.8,8.83,10.61,112.6,51,actual,57,444,1594,1587,7.5,7.23,11.02,110.5,NA
1988 Jan,354,1271,1554,8,8.26,10.16,113.9,53,actual,57,432,1575,1577,8.1,7.18,10.97,111.5,NA
1988 Feb,345,1473,1450,8,8.16,9.87,114,51,actual,55,428,1605,1578,8.1,7.19,10.55,112.2,NA
1988 Mar,339,1532,1600,8,8.57,9.99,114.2,51,actual,57,412,1695,1632,8.1,7.51,10.61,112.6,NA
1988 Apr,339,1573,1615,7.7,8.87,10.28,114.9,52,actual,62,401,1515,1554,7.8,8.21,10.16,113.9,NA
1988 May,338,1421,1483,7.7,9.2,10.58,115.2,54,actual,64,392,1656,1450,7.8,8.49,9.87,114,NA
1988 Jun,332,1478,1512,7.7,8.82,10.4,115.3,49,actual,65,389,1400,1600,7.8,8.38,9.99,114.2,NA
1988 Jul,328,1467,1527,7.8,9.12,10.49,115.9,54,actual,59,380,1271,1615,8,8.66,10.28,114.9,NA
1988 Aug,322,1493,1551,7.8,9.25,10.67,116.1,56,actual,55,376,1473,1483,8,9,10.58,115.2,NA
1988 Sep,321,1492,1531,7.8,8.87,10.42,116.3,53,actual,57,375,1532,1512,8,9.63,10.4,115.3,NA
1988 Oct,315,1522,1529,7.3,8.65,10.22,117.1,49,actual,64,373,1573,1527,7.7,8.88,10.49,115.9,NA
1988 Nov,315,1569,1407,7.3,9.06,10.39,117.4,58,actual,59,375,1421,1551,7.7,8.99,10.67,116.1,NA
1988 Dec,312,1563,1547,7.3,9.14,10.77,117.6,60,actual,64,358,1478,1531,7.7,8.83,10.42,116.3,NA
1989 Jan,311,1621,1561,7.5,9.01,10.6,118.3,54,actual,63,354,1467,1529,7.8,8.26,10.22,117.1,NA
1989 Feb,310,1425,1597,7.5,9.32,10.78,118.6,53,actual,60,345,1493,1407,7.8,8.16,10.39,117.4,NA
1989 Mar,312,1422,1442,7.5,9.3,11.19,118.9,48,actual,60,339,1492,1547,7.8,8.57,10.77,117.6,NA
1989 Apr,300,1339,1542,7.4,9.02,11.03,119.3,44,actual,59,339,1522,1561,7.3,8.87,10.6,118.3,NA
1989 May,298,1331,1449,7.4,8.6,10.5,119.6,44,actual,55,338,1569,1597,7.3,9.2,10.78,118.6,NA
1989 Jun,301,1397,1346,7.4,8.1,10.07,119.6,45,actual,56,332,1563,1442,7.3,8.82,11.19,118.9,NA
1989 Jul,300,1427,1386,7.6,7.82,9.81,119.8,46,actual,55,328,1621,1542,7.5,9.12,11.03,119.3,NA
1989 Aug,295,1332,1429,7.6,8.26,10.21,119.5,50,actual,54,322,1425,1449,7.5,9.25,10.5,119.6,NA
1989 Sep,287,1279,1338,7.6,8.31,10.16,119.9,51,actual,52,321,1422,1346,7.5,8.87,10.07,119.6,NA
1989 Oct,289,1410,1333,7.1,7.92,9.82,120.6,48,actual,50,315,1339,1386,7.4,8.65,9.81,119.8,NA
1989 Nov,283,1351,1475,7.1,7.84,9.74,120.2,46,actual,56,315,1331,1429,7.4,9.06,10.21,119.5,NA
1989 Dec,281,1251,1304,7.1,7.93,9.78,119.4,43,actual,51,312,1397,1338,7.4,9.14,10.16,119.9,NA
1990 Jan,286,1551,1508,7.5,8.43,10.05,119.1,42,actual,53,311,1427,1333,7.6,9.01,9.82,120.6,NA
1990 Feb,287,1437,1352,7.5,8.51,10.31,119,44,actual,51,310,1332,1475,7.6,9.32,9.74,120.2,NA
1990 Mar,284,1289,1345,7.5,8.65,10.22,119.6,40,actual,51,312,1279,1304,7.6,9.3,9.78,119.4,NA
1990 Apr,279,1248,1332,7,9.04,10.56,120.1,39,actual,52,300,1410,1508,7.1,9.02,10.05,119.1,NA
1990 May,276,1212,1351,7,8.6,10.33,120.1,36,actual,54,298,1351,1352,7.1,8.6,10.31,119,NA
1990 Jun,275,1177,1263,7,8.43,10.15,119.5,36,actual,49,301,1251,1345,7.1,8.1,10.22,119.6,NA
1990 Jul,272,1171,1295,7.2,8.36,9.98,119.7,32,actual,54,300,1551,1332,7.5,7.82,10.56,120.1,NA
1990 Aug,268,1115,1307,7.2,8.86,10.24,119.5,30,actual,56,295,1437,1351,7.5,8.26,10.33,120.1,NA
1990 Sep,259,1110,1312,7.2,8.82,10.22,119.8,31,actual,53,287,1289,1263,7.5,8.31,10.15,119.5,NA
1990 Oct,243,1014,1282,7.2,8.65,10.17,119.6,28,actual,49,289,1248,1295,7,7.92,9.98,119.7,NA
1990 Nov,243,1145,1248,7.2,8.26,9.9,119.7,25,actual,58,283,1212,1307,7,7.84,10.24,119.5,NA
1990 Dec,240,969,1173,7.2,8.08,9.68,119.7,22,actual,60,281,1177,1312,7,7.93,10.22,119.8,NA
1991 Jan,229,798,1149,7.5,8.03,9.61,120,20,actual,54,286,1171,1282,7.2,8.43,10.17,119.6,NA
1991 Feb,226,965,1090,7.5,8.02,9.29,119.9,27,actual,53,287,1115,1248,7.2,8.51,9.9,119.7,NA
1991 Mar,212,921,1176,7.5,8.05,9.52,120,36,actual,48,284,1110,1173,7.2,8.65,9.68,119.7,NA
1991 Apr,204,1001,1093,7.3,8.02,9.53,120.1,41,actual,44,279,1014,1149,7.2,9.04,9.61,120,NA
1991 May,193,996,1070,7.3,8.06,9.45,120.6,40,actual,44,276,1145,1090,7.2,8.6,9.29,119.9,NA
1991 Jun,184,1036,1093,7.3,8.24,9.67,121.4,42,actual,45,275,969,1176,7.2,8.43,9.52,120,NA
1991 Jul,176,1063,1076,7.6,8.2,9.5,121.5,41,actual,46,272,798,1093,7.5,8.36,9.53,120.1,NA
1991 Aug,169,1049,1050,7.6,7.82,9.15,120.3,36,actual,50,268,965,1070,7.5,8.86,9.45,120.6,NA
1991 Sep,157,1015,1216,7.6,7.47,8.92,120.3,37,actual,51,259,921,1093,7.5,8.82,9.67,121.4,NA
1991 Oct,156,1079,1076,7.3,7.47,8.91,120.2,37,actual,48,243,1001,1076,7.3,8.65,9.5,121.5,NA
1991 Nov,156,1103,1013,7.3,7.38,8.7,120.1,37,actual,46,243,996,1050,7.3,8.26,9.15,120.3,NA
1991 Dec,151,1079,1002,7.3,6.71,8.35,120.2,35,actual,43,240,1036,1216,7.3,8.08,8.92,120.3,NA
1992 Jan,151,1176,1061,7.4,7.31,8.68,120.6,44,actual,42,229,1063,1076,7.6,8.03,8.91,120.2,NA
1992 Feb,145,1250,1098,7.4,7.27,8.83,121.9,49,actual,44,226,1049,1013,7.6,8.02,8.7,120.1,NA
1992 Mar,152,1297,1128,7.4,7.54,8.98,122.7,46,actual,40,212,1015,1002,7.6,8.05,8.35,120.2,NA
1992 Apr,147,1099,1083,7.7,7.61,8.85,122.8,46,actual,39,204,1079,1061,7.3,8.02,8.68,120.6,NA
1992 May,145,1214,1187,7.7,7.33,8.6,122.7,47,actual,36,193,1103,1098,7.3,8.06,8.83,121.9,NA
1992 Jun,139,1145,1189,7.7,7.14,8.43,122.6,45,actual,36,184,1079,1128,7.3,8.24,8.98,122.7,NA
1992 Jul,132,1139,1251,7.3,6.72,8.05,122.4,46,actual,32,176,1176,1083,7.4,8.2,8.85,122.8,NA
1992 Aug,133,1226,1140,7.3,6.62,8.01,122.4,49,actual,30,169,1250,1187,7.4,7.82,8.6,122.7,NA
1992 Sep,132,1186,1123,7.3,6.37,8.02,123,48,actual,31,157,1297,1189,7.4,7.47,8.43,122.6,NA
1992 Oct,131,1244,1139,7.1,6.8,8.21,122.6,50,actual,28,156,1099,1251,7.7,7.47,8.05,122.4,NA
1992 Nov,126,1214,1224,7.1,6.95,8.29,122.7,54,actual,25,156,1214,1140,7.7,7.38,8.01,122.4,NA
1992 Dec,124,1227,1199,7.1,6.7,8.14,123.7,56,actual,22,151,1145,1123,7.7,6.71,8.02,123,NA
1993 Jan,118,1210,1135,7.8,6.39,7.86,125.2,55,actual,20,151,1139,1139,7.3,7.31,8.21,122.6,NA
1993 Feb,115,1210,1236,7.8,6.03,7.53,127.4,52,actual,27,145,1226,1224,7.3,7.27,8.29,122.7,NA
1993 Mar,114,1083,1105,7.8,6.03,7.5,129.2,53,actual,36,152,1186,1199,7.3,7.54,8.14,123.7,NA
1993 Apr,112,1258,1216,7.6,6.05,7.43,129.5,52,actual,41,147,1244,1135,7.1,7.61,7.86,125.2,NA
1993 May,111,1260,1111,7.6,6.16,7.5,128.5,51,actual,40,145,1214,1236,7.1,7.33,7.53,127.4,NA
1993 Jun,111,1280,1193,7.6,5.8,7.34,127.7,53,actual,42,139,1227,1105,7.1,7.14,7.5,129.2,NA
1993 Jul,112,1254,1090,7,5.83,7.25,127.4,57,actual,41,132,1210,1216,7.8,6.72,7.43,129.5,NA
1993 Aug,108,1300,1264,7,5.45,6.97,128.2,60,actual,36,133,1210,1111,7.8,6.62,7.5,128.5,NA
1993 Sep,115,1343,1172,7,5.4,6.95,129.1,62,actual,37,132,1083,1193,7.8,6.37,7.34,127.7,NA
1993 Oct,115,1392,1246,6.9,5.43,6.86,129.3,66,actual,37,131,1258,1090,7.6,6.8,7.25,127.4,NA
1993 Nov,116,1376,1235,6.9,5.83,7.31,130.3,71,actual,37,126,1260,1264,7.6,6.95,6.97,128.2,NA
1993 Dec,119,1533,1289,6.9,5.83,7.13,131.4,71,actual,35,124,1280,1172,7.6,6.7,6.95,129.1,NA
1994 Jan,120,1272,1228,7.5,5.7,6.97,132.5,70,actual,44,118,1254,1246,7,6.39,6.86,129.3,NA
1994 Feb,124,1337,1353,7.5,6.15,7.32,132.4,64,actual,49,115,1300,1235,7,6.03,7.31,130.3,NA
1994 Mar,129,1564,1257,7.5,6.77,7.8,132.7,61,actual,46,114,1343,1289,7,6.03,7.13,131.4,NA
1994 Apr,137,1465,1374,7.4,7.06,8.32,132.1,61,actual,46,112,1392,1228,6.9,6.05,6.97,132.5,NA
1994 May,147,1526,1430,7.4,7.17,8.53,132.4,59,actual,47,111,1376,1353,6.9,6.16,7.32,132.4,NA
1994 Jun,149,1409,1336,7.4,7.34,8.46,133.3,57,actual,45,111,1533,1257,6.9,5.8,7.8,132.7,NA
1994 Jul,156,1439,1281,7.2,7.12,8.57,133.4,53,actual,46,112,1272,1374,7.5,5.83,8.32,132.1,NA
1994 Aug,163,1450,1348,7.2,7.19,8.56,134.1,53,actual,49,108,1337,1430,7.5,5.45,8.53,132.4,NA
1994 Sep,164,1474,1414,7.2,7.62,8.82,135,50,actual,48,115,1564,1336,7.5,5.4,8.46,133.3,NA
1994 Oct,172,1450,1378,7.4,7.81,9.03,135.3,49,actual,50,115,1465,1281,7.4,5.43,8.57,133.4,NA
1994 Nov,178,1511,1365,7.4,7.91,9.25,136.5,50,actual,54,116,1526,1348,7.4,5.83,8.56,134.1,NA
1994 Dec,184,1455,1386,7.4,7.84,9.18,136.5,43,actual,56,119,1409,1414,7.4,5.83,8.82,135,NA
1995 Jan,190,1407,1423,7.4,7.6,9.13,137.4,40,actual,55,120,1439,1378,7.2,5.7,9.03,135.3,NA
1995 Feb,195,1316,1294,7.4,7.22,8.73,138,42,actual,52,124,1450,1365,7.2,6.15,9.25,136.5,NA
1995 Mar,195,1249,1413,7.4,7.2,8.38,138.6,40,actual,53,129,1474,1386,7.2,6.77,9.18,136.5,NA
1995 Apr,196,1267,1342,7.7,7.07,8.26,139.2,42,actual,52,137,1450,1423,7.4,7.06,9.13,137.4,NA
1995 May,196,1314,1326,7.7,6.3,7.85,139.3,43,actual,51,147,1511,1294,7.4,7.17,8.73,138,NA
1995 Jun,201,1281,1242,7.7,6.21,7.53,138.9,45,actual,53,149,1455,1413,7.4,7.34,8.38,138.6,NA
1995 Jul,202,1461,1352,7.7,6.45,7.79,139.6,49,actual,57,156,1407,1342,7.4,7.12,8.26,139.2,NA
1995 Aug,206,1416,1265,7.7,6.28,7.88,139.8,50,actual,60,163,1316,1326,7.4,7.19,7.85,139.3,NA
1995 Sep,207,1369,1279,7.7,6.17,7.62,139.7,51,actual,62,164,1249,1242,7.4,7.62,7.53,138.9,NA
1995 Oct,202,1369,1335,7.7,6.03,7.45,139.1,55,actual,66,172,1267,1352,7.7,7.81,7.79,139.6,NA
1995 Nov,206,1452,1360,7.7,5.76,7.35,138.4,52,actual,71,178,1314,1265,7.7,7.91,7.88,139.8,NA
1995 Dec,209,1431,1200,7.7,5.58,7.11,138.1,53,actual,71,184,1281,1279,7.7,7.84,7.62,139.7,NA
1996 Jan,213,1467,1402,7.9,5.6,7,137.7,54,actual,70,190,1461,1335,7.7,7.6,7.45,139.1,NA
1996 Feb,211,1491,1317,7.9,6.13,7.32,137.7,49,actual,64,195,1416,1360,7.7,7.22,7.35,138.4,NA
1996 Mar,213,1424,1369,7.9,6.34,7.69,137.8,59,actual,61,195,1369,1200,7.7,7.2,7.11,138.1,NA
1996 Apr,213,1516,1327,7.8,6.66,7.92,138.2,60,actual,61,196,1369,1402,7.7,7.07,7,137.7,NA
1996 May,214,1504,1423,7.8,6.85,8.03,139.6,61,actual,59,196,1452,1317,7.7,6.3,7.32,137.7,NA
1996 Jun,207,1467,1437,7.8,6.73,8.29,140,59,actual,57,201,1431,1369,7.7,6.21,7.69,137.8,NA
1996 Jul,205,1472,1453,8,6.8,8.19,139.9,58,actual,53,202,1467,1327,7.9,6.45,7.92,138.2,NA
1996 Aug,205,1557,1468,8,6.96,8.09,140.4,56,actual,53,206,1491,1423,7.9,6.28,8.03,139.6,NA
1996 Sep,210,1475,1379,8,6.72,8.16,141.4,55,actual,50,207,1424,1437,7.9,6.17,8.29,140,NA
1996 Oct,210,1392,1392,7.7,6.37,7.86,140.7,56,actual,49,202,1516,1453,7.8,6.03,8.19,139.9,NA
1996 Nov,215,1489,1413,7.7,6.06,7.52,141.3,54,actual,50,206,1504,1468,7.8,5.76,8.09,140.4,NA
1996 Dec,214,1370,1487,7.7,6.43,7.64,140.9,55,actual,43,209,1467,1379,7.8,5.58,8.16,141.4,NA
1997 Jan,215,1355,1377,7.5,6.53,7.88,141.1,54,actual,40,213,1472,1392,8,5.6,7.86,140.7,NA
1997 Feb,217,1486,1545,7.5,6.56,7.65,141.8,52,actual,42,211,1557,1413,8,6.13,7.52,141.3,NA
1997 Mar,218,1457,1445,7.5,6.92,7.97,142.1,57,actual,40,213,1475,1487,8,6.34,7.64,140.9,NA
1997 Apr,222,1492,1438,7.9,6.72,8.08,142.6,56,actual,42,213,1392,1377,7.7,6.66,7.88,141.1,NA
1997 May,227,1442,1400,7.9,6.67,7.94,142.6,55,actual,43,214,1489,1545,7.7,6.85,7.65,141.8,NA
1997 Jun,238,1494,1315,7.9,6.51,7.58,142.5,56,actual,45,207,1370,1445,7.7,6.73,7.97,142.1,NA
1997 Jul,242,1437,1313,7.9,6.02,7.43,142.8,55,actual,49,205,1355,1438,7.5,6.8,8.08,142.6,NA
1997 Aug,242,1390,1332,7.9,6.34,7.58,142.6,58,actual,50,205,1486,1400,7.5,6.96,7.94,142.6,NA
1997 Sep,246,1546,1442,7.9,6.12,7.28,142.1,59,actual,51,210,1457,1315,7.5,6.72,7.58,142.5,NA
1997 Oct,251,1520,1396,7.7,5.84,7.21,141.5,59,actual,55,210,1492,1313,7.9,6.37,7.43,142.8,NA
1997 Nov,257,1510,1420,7.7,5.86,7.17,141.8,58,actual,52,215,1442,1332,7.9,6.06,7.58,142.6,NA
1997 Dec,261,1566,1428,7.7,5.75,6.99,141.4,60,actual,53,214,1494,1442,7.9,6.43,7.28,142.1,NA
1998 Jan,261,1525,1316,7.7,5.53,7.12,141.2,60,actual,54,215,1437,1396,7.9,6.53,7.21,141.5,NA
1998 Feb,262,1584,1441,7.7,5.62,7.09,141.3,65,actual,49,217,1390,1420,7.9,6.56,7.17,141.8,NA
1998 Mar,261,1567,1477,7.7,5.67,7.08,141.4,66,actual,59,218,1546,1428,7.9,6.92,6.99,141.4,NA
1998 Apr,259,1540,1498,8,5.68,7.15,141.8,67,actual,60,222,1520,1316,7.7,6.72,7.12,141.2,NA
1998 May,257,1536,1465,8,5.56,7.07,141.6,67,actual,61,227,1510,1441,7.7,6.67,7.09,141.3,NA
1998 Jun,259,1641,1467,8,5.44,6.96,141.2,70,actual,59,238,1566,1477,7.7,6.51,7.08,141.4,NA
1998 Jul,263,1698,1552,8.2,5.5,6.97,141.9,71,actual,58,242,1525,1498,7.7,6.02,7.15,141.8,NA
1998 Aug,261,1614,1521,8.2,5.05,6.92,142.4,72,actual,56,242,1584,1465,7.7,6.34,7.07,141.6,NA
1998 Sep,267,1582,1452,8.2,4.44,6.64,142,71,actual,55,246,1567,1467,7.7,6.12,6.96,141.2,NA
1998 Oct,281,1715,1452,7.8,4.64,6.83,140.8,73,actual,56,251,1540,1552,8,5.84,6.97,141.9,NA
1998 Nov,275,1660,1604,7.8,4.74,6.78,140.5,77,actual,54,257,1536,1521,8,5.86,6.92,142.4,NA
1998 Dec,284,1792,1433,7.8,4.65,6.83,140.5,78,actual,55,261,1641,1452,8,5.75,6.64,142,NA
1999 Jan,286,1748,1599,8.2,4.66,6.74,140.5,75,actual,54,261,1698,1452,8.2,5.53,6.83,140.8,NA
1999 Feb,295,1670,1459,8.2,5.29,6.89,141.1,71,actual,52,262,1614,1604,8.2,5.62,6.78,140.5,NA
1999 Mar,297,1710,1673,8.2,5.25,6.98,141.6,71,actual,57,261,1582,1433,8.2,5.67,6.83,140.5,NA
1999 Apr,297,1553,1580,8.1,5.36,6.93,141.6,71,actual,56,259,1715,1599,7.8,5.68,6.74,140.5,NA
1999 May,292,1611,1623,8.1,5.64,7.23,142.3,75,actual,55,257,1660,1459,7.8,5.56,6.89,141.1,NA
1999 Jun,291,1559,1648,8.1,5.81,7.63,143.9,77,actual,56,259,1792,1673,7.8,5.44,6.98,141.6,NA
1999 Jul,289,1669,1597,8.2,5.92,7.7,145,75,actual,55,263,1748,1580,8.2,5.5,6.93,141.6,NA
1999 Aug,292,1648,1563,8.2,5.98,7.8,144.8,72,actual,58,261,1670,1623,8.2,5.05,7.23,142.3,NA
1999 Sep,290,1635,1643,8.2,5.9,7.76,143.5,72,actual,59,267,1710,1648,8.2,4.44,7.63,143.9,NA
1999 Oct,288,1608,1593,7.9,6.02,7.96,142.6,69,actual,59,281,1553,1597,8.1,4.64,7.7,145,NA
1999 Nov,285,1648,1596,7.9,6.18,7.75,142.9,70,actual,58,275,1611,1563,8.1,4.74,7.8,144.8,NA
1999 Dec,285,1708,1659,7.9,6.45,8.06,143.3,70,actual,60,284,1559,1643,8.1,4.65,7.76,143.5,NA
2000 Jan,290,1636,1574,7.9,6.68,8.25,144.1,69,actual,60,286,1669,1593,8.2,4.66,7.96,142.6,NA
2000 Feb,298,1737,1677,7.9,6.42,8.31,144.7,68,actual,65,295,1648,1596,8.2,5.29,7.75,142.9,NA
2000 Mar,291,1604,1704,7.9,6.03,8.23,145.4,64,actual,66,297,1635,1659,8.2,5.25,8.06,143.3,NA
2000 Apr,295,1626,1610,8,6.23,8.13,145.6,63,actual,67,297,1608,1574,7.9,5.36,8.25,144.1,NA
2000 May,298,1575,1682,8,6.29,8.62,144.9,63,actual,67,292,1648,1677,7.9,5.64,8.31,144.7,NA
2000 Jun,296,1559,1530,8,6.03,8.22,145,58,actual,70,291,1708,1704,7.9,5.81,8.23,145.4,NA
2000 Jul,295,1463,1495,8.2,6.04,8.13,144.4,59,actual,71,289,1636,1610,7.9,5.92,8.13,145.6,NA
2000 Aug,290,1541,1573,8.2,5.73,7.99,143.7,60,actual,72,292,1737,1682,7.9,5.98,8.62,144.9,NA
2000 Sep,286,1507,1528,8.2,5.8,7.88,143.4,60,actual,71,290,1604,1530,7.9,5.9,8.22,145,NA
2000 Oct,283,1549,1513,7.8,5.77,7.68,143.3,62,actual,73,288,1626,1495,8,6.02,8.13,144.4,NA
2000 Nov,286,1551,1539,7.8,5.48,7.73,142.7,63,actual,77,285,1575,1573,8,6.18,7.99,143.7,NA
2000 Dec,284,1532,1521,7.8,5.12,7.13,142.5,57,actual,78,285,1559,1528,8,6.45,7.88,143.4,NA
2001 Jan,284,1600,1456,8.2,5.19,7.15,142,52,actual,75,290,1463,1513,8.2,6.68,7.68,143.3,NA
2001 Feb,284,1625,1536,8.2,4.92,7.12,142.4,58,actual,71,298,1541,1539,8.2,6.42,7.73,142.7,NA
2001 Mar,292,1590,1470,8.2,4.93,6.91,142.4,60,actual,71,291,1507,1521,8.2,6.03,7.13,142.5,NA
2001 Apr,291,1649,1574,8.3,5.35,7.12,142.5,59,actual,71,295,1549,1456,7.8,6.23,7.15,142,NA
2001 May,299,1605,1497,8.3,5.43,7.2,144.2,58,actual,75,298,1551,1536,7.8,6.29,7.12,142.4,NA
2001 Jun,295,1636,1654,8.3,5.42,7.11,144.3,59,actual,77,296,1532,1470,7.8,6.03,6.91,142.4,NA
2001 Jul,298,1670,1582,8.4,5.07,7.03,143.4,57,actual,75,295,1600,1574,8.2,6.04,7.12,142.5,NA
2001 Aug,290,1567,1615,8.4,4.85,6.92,143.3,59,actual,72,290,1625,1497,8.2,5.73,7.2,144.2,NA
2001 Sep,294,1562,1551,8.4,4.6,6.72,143,55,actual,72,286,1590,1654,8.2,5.8,7.11,144.3,NA
2001 Oct,294,1540,1599,8.8,4.3,6.64,142.3,46,actual,69,283,1649,1582,8.3,5.77,7.03,143.4,NA
2001 Nov,297,1602,1555,8.8,4.78,7.02,142.1,48,actual,70,286,1605,1615,8.3,5.48,6.92,143.3,NA
2001 Dec,294,1568,1693,8.8,5.07,7.16,141.7,55,actual,70,284,1636,1551,8.3,5.12,6.72,143,NA
2002 Jan,297,1698,1632,9.1,5.07,6.96,142,58,actual,69,284,1670,1599,8.4,5.19,6.64,142.3,NA
2002 Feb,298,1829,1671,9.1,4.88,6.81,142.2,58,actual,68,284,1567,1555,8.4,4.92,7.02,142.1,NA
2002 Mar,304,1642,1559,9.1,5.42,7.18,143.2,62,actual,64,292,1562,1693,8.4,4.93,7.16,141.7,NA
2002 Apr,301,1592,1625,8.4,5.11,6.88,143.5,61,actual,63,291,1540,1632,8.8,5.35,6.96,142,NA
2002 May,305,1764,1705,8.4,5.08,6.76,143.8,61,actual,63,299,1602,1671,8.8,5.43,6.81,142.2,NA
2002 Jun,305,1717,1589,8.4,4.86,6.55,144.3,61,actual,58,295,1568,1559,8.8,5.42,7.18,143.2,NA
2002 Jul,304,1655,1615,9,4.51,6.34,144.7,61,actual,59,298,1698,1625,9.1,5.07,6.88,143.5,NA
2002 Aug,303,1633,1722,9,4.14,6.22,145.1,55,actual,60,290,1829,1705,9.1,4.85,6.76,143.8,NA
2002 Sep,307,1804,1641,9,3.63,5.99,145.4,63,actual,60,294,1642,1589,9.1,4.6,6.55,144.3,NA
2002 Oct,306,1648,1601,9.3,3.93,6.31,145,61,actual,62,294,1592,1615,8.4,4.3,6.34,144.7,NA
2002 Nov,309,1753,1718,9.3,4.22,6.13,144.6,62,actual,63,297,1764,1722,8.4,4.78,6.22,145.1,NA
2002 Dec,307,1788,1671,9.3,3.83,5.93,144.3,63,actual,57,294,1717,1641,8.4,5.07,5.99,145.4,NA
2003 Jan,306,1853,1654,9.4,4,5.9,144.4,62,actual,52,297,1655,1601,9,5.07,6.31,145,NA
2003 Feb,303,1629,1688,9.4,3.71,5.79,145.2,63,actual,58,298,1633,1718,9,4.88,6.13,144.6,NA
2003 Mar,299,1726,1638,9.4,3.83,5.91,145.2,56,actual,60,304,1804,1671,9,5.42,5.93,144.3,NA
2003 Apr,296,1643,1662,9.6,3.89,5.79,145.9,55,actual,59,301,1648,1654,9.3,5.11,5.9,144.4,NA
2003 May,299,1751,1733,9.6,3.37,5.31,145.8,60,actual,58,305,1753,1688,9.3,5.08,5.79,145.2,NA
2003 Jun,303,1867,1641,9.6,3.54,5.24,146.1,63,actual,59,305,1788,1638,9.3,4.86,5.91,145.2,NA
2003 Jul,310,1897,1680,9.9,4.49,5.94,147,65,actual,57,304,1853,1662,9.4,4.51,5.79,145.9,NA
2003 Aug,321,1833,1570,9.9,4.45,6.32,147.2,67,actual,59,303,1629,1733,9.4,4.14,5.31,145.8,NA
2003 Sep,327,1939,1719,9.9,3.96,5.98,149,67,actual,55,307,1726,1641,9.4,3.63,5.24,146.1,NA
2003 Oct,330,1967,1728,10.2,4.33,5.94,149.6,69,actual,46,306,1643,1680,9.6,3.93,5.94,147,NA
2003 Nov,339,2083,1692,10.2,4.34,5.89,150.2,68,actual,48,309,1751,1570,9.6,4.22,6.32,147.2,NA
2003 Dec,346,2057,1716,10.2,4.27,5.85,149.7,69,actual,55,307,1867,1719,9.6,3.83,5.98,149,NA
2004 Jan,348,1911,1709,10.4,4.16,5.68,150,68,actual,58,306,1897,1728,9.9,4,5.94,149.6,NA
2004 Feb,354,1846,1718,10.4,3.99,5.58,153.4,66,actual,58,303,1833,1692,9.9,3.71,5.89,150.2,NA
2004 Mar,356,1998,1794,10.4,3.86,5.4,156.5,66,actual,62,299,1939,1716,9.9,3.83,5.85,149.7,NA
2004 Apr,358,2003,1938,10.2,4.53,6.01,160.1,69,actual,61,296,1967,1709,10.2,3.89,5.68,150,NA
2004 May,351,1981,1893,10.2,4.66,6.32,162.7,69,actual,61,299,2083,1718,10.2,3.37,5.58,153.4,NA
2004 Jun,346,1828,1857,10.2,4.62,6.25,162,68,actual,61,303,2057,1794,10.2,3.54,5.4,156.5,NA
2004 Jul,357,2002,1881,10.1,4.5,6.08,162.2,67,actual,61,310,1911,1938,10.4,4.49,6.01,160.1,NA
2004 Aug,336,2024,1911,10.1,4.13,5.82,165.9,70,actual,55,321,1846,1893,10.4,4.45,6.32,162.7,NA
2004 Sep,341,1905,1796,10.1,4.14,5.72,167.2,67,actual,63,327,1998,1857,10.4,3.96,6.25,162,NA
2004 Oct,348,2072,1839,10,4.05,5.64,165.9,69,actual,61,330,2003,1881,10.2,4.33,6.08,162.2,NA
2004 Nov,347,1782,1758,10,4.36,5.72,165.5,70,actual,62,339,1981,1911,10.2,4.34,5.82,165.9,NA
2004 Dec,351,2042,1921,10,4.24,5.81,166.3,71,actual,63,346,1828,1796,10.2,4.27,5.72,167.2,NA
2005 Jan,360,2144,1892,10.1,4.14,5.66,168.6,70,actual,62,348,2002,1839,10.1,4.16,5.64,165.9,NA
2005 Feb,367,2207,1908,10.1,4.36,5.69,170.4,69,actual,63,354,2024,1758,10.1,3.99,5.72,165.5,NA
2005 Mar,366,1864,1787,10.1,4.5,6.04,170,70,actual,56,356,1905,1921,10.1,3.86,5.81,166.3,NA
2005 Apr,374,2061,1927,9.8,4.21,5.78,170,67,actual,55,358,2072,1892,10,4.53,5.66,168.6,NA
2005 May,372,2025,2103,9.8,4,5.65,168.1,70,actual,60,351,1782,1908,10,4.66,5.69,170.4,NA
2005 Jun,377,2068,1965,9.8,3.94,5.53,167.8,72,actual,63,346,2042,1787,10,4.62,6.04,170,NA
2005 Jul,380,2054,1886,9.9,4.28,5.77,167.2,70,actual,65,357,2144,1927,10.1,4.5,5.78,170,NA
2005 Aug,387,2095,1952,9.9,4.02,5.77,165.9,67,actual,67,336,2207,2103,10.1,4.13,5.65,168.1,NA
2005 Sep,393,2151,1922,9.9,4.34,5.91,168.9,65,actual,67,341,1864,1965,10.1,4.14,5.53,167.8,NA
2005 Oct,384,2065,1962,9.6,4.57,6.15,171.6,68,actual,69,348,2061,1886,9.8,4.05,5.77,167.2,NA
2005 Nov,386,2147,1907,9.6,4.49,6.28,172.7,61,actual,68,347,2025,1952,9.8,4.36,5.77,165.9,NA
2005 Dec,394,1994,1941,9.6,4.39,6.22,173.5,57,actual,69,351,2068,1922,9.8,4.24,5.91,168.9,NA
2006 Jan,402,2273,2036,9.5,4.53,6.12,177.2,57,actual,68,360,2054,1962,9.9,4.14,6.15,171.6,NA
2006 Feb,402,2119,2048,9.5,4.55,6.26,177.7,56,actual,66,367,2095,1907,9.9,4.36,6.28,172.7,NA
2006 Mar,410,1969,2245,9.5,4.86,6.35,178.3,54,actual,66,366,2151,1941,9.9,4.5,6.22,173.5,NA
2006 Apr,407,1821,2071,9.6,5.07,6.58,179,51,actual,69,374,2065,2036,9.6,4.21,6.12,177.2,NA
2006 May,416,1942,1897,9.6,5.12,6.62,179.9,46,actual,69,372,2147,2048,9.6,4,6.26,177.7,NA
2006 Jun,415,1802,2050,9.6,5.15,6.78,180.7,42,actual,68,377,1994,2245,9.6,3.94,6.35,178.3,NA
2006 Jul,411,1737,1934,9.9,4.99,6.72,182.3,39,actual,67,380,2273,2071,9.5,4.28,6.58,179,NA
2006 Aug,411,1650,1877,9.9,4.74,6.44,182.6,33,actual,70,387,2119,1897,9.5,4.02,6.62,179.9,NA
2006 Sep,413,1720,2011,9.9,4.64,6.31,183.3,30,actual,67,393,1969,2050,9.5,4.34,6.78,180.7,NA
2006 Oct,407,1491,1918,9.8,4.61,6.4,182.3,31,actual,69,384,1821,1934,9.6,4.57,6.72,182.3,NA
2006 Nov,407,1570,1893,9.8,4.46,6.14,179.8,33,actual,70,386,1942,1877,9.6,4.49,6.44,182.6,NA
2006 Dec,407,1649,1888,9.8,4.71,6.18,179.8,33,actual,71,394,1802,2011,9.6,4.39,6.31,183.3,NA
2007 Jan,405,1409,1822,10.1,4.83,6.25,181.1,35,actual,70,402,1737,1918,9.9,4.53,6.4,182.3,NA
2007 Feb,404,1480,1640,10.1,4.56,6.22,181.5,39,actual,69,402,1650,1893,9.9,4.55,6.14,179.8,NA
2007 Mar,402,1495,1623,10.1,4.65,6.16,182.5,36,actual,70,410,1720,1888,9.9,4.86,6.18,179.8,NA
2007 Apr,402,1490,1539,9.5,4.63,6.16,183.7,33,actual,67,407,1491,1822,9.8,5.07,6.25,181.1,NA
2007 May,403,1415,1536,9.5,4.9,6.42,184,30,actual,70,416,1570,1640,9.8,5.12,6.22,181.5,NA
2007 Jun,408,1448,1481,9.5,5.03,6.67,184,28,actual,72,415,1649,1623,9.8,5.15,6.16,182.5,NA
2007 Jul,404,1354,1534,9.8,4.78,6.69,184.2,24,actual,70,411,1409,1539,10.1,4.99,6.16,183.7,NA
2007 Aug,410,1330,1512,9.8,4.54,6.45,183.9,22,actual,67,411,1480,1536,10.1,4.74,6.42,184,NA
2007 Sep,410,1183,1356,9.8,4.59,6.42,183.4,20,actual,65,413,1495,1481,10.1,4.64,6.67,184,NA
2007 Oct,415,1264,1405,9.6,4.48,6.33,183,19,actual,68,407,1490,1534,9.5,4.61,6.69,184.2,NA
2007 Nov,425,1197,1390,9.6,3.97,6.1,183.3,19,actual,61,407,1415,1512,9.5,4.46,6.45,183.9,NA
2007 Dec,418,1037,1328,9.6,4.04,6.17,183.5,18,actual,57,407,1448,1356,9.5,4.71,6.42,183.4,NA
2008 Jan,420,1084,1331,10.1,3.67,5.68,184.3,19,actual,57,405,1354,1405,9.8,4.83,6.33,183,NA
2008 Feb,419,1103,1274,10.1,3.53,6.24,185.7,20,actual,56,404,1330,1390,9.8,4.56,6.1,183.3,NA
2008 Mar,424,1005,1195,10.1,3.45,5.85,187.8,20,actual,54,402,1183,1328,9.8,4.65,6.17,183.5,NA
2008 Apr,430,1013,1022,10,3.77,6.03,190.9,20,actual,51,402,1264,1331,9.6,4.63,5.68,184.3,NA
2008 May,434,973,1142,10,4.06,6.08,195.8,19,actual,46,403,1197,1274,9.6,4.9,6.24,185.7,NA
2008 Jun,440,1046,1142,10,3.99,6.45,200.4,18,actual,42,408,1037,1195,9.6,5.03,5.85,187.8,NA
2008 Jul,442,923,1087,9.9,3.99,6.52,203.4,16,actual,39,404,1084,1022,10.1,4.78,6.03,190.9,NA
2008 Aug,435,844,1017,9.9,3.83,6.4,206.5,16,actual,33,410,1103,1142,10.1,4.54,6.08,195.8,NA
2008 Sep,427,820,1160,9.9,3.85,6.09,206.3,17,actual,30,410,1005,1142,10.1,4.59,6.45,200.4,NA
2008 Oct,419,777,1055,10.1,4.01,6.46,201.8,14,actual,31,415,1013,1087,10,4.48,6.52,203.4,NA
2008 Nov,406,652,1076,10.1,2.93,5.97,199.6,9,actual,33,425,973,1017,10,3.97,6.4,206.5,NA
2008 Dec,391,560,1021,10.1,2.25,5.1,194.8,9,actual,33,418,1046,1160,10,4.04,6.09,206.3,NA
2009 Jan,382,490,777,10.1,2.87,5.1,193.3,8,actual,35,420,923,1055,9.9,3.67,6.46,201.8,NA
2009 Feb,372,582,819,10.1,3.02,5.07,191.2,9,actual,39,419,844,1076,9.9,3.53,5.97,199.6,NA
2009 Mar,354,505,839,10.1,2.71,4.85,190.2,9,actual,36,424,820,1021,9.9,3.45,5.1,194.8,NA
2009 Apr,332,478,846,10.6,3.16,4.78,188.1,14,actual,33,430,777,777,10.1,3.77,5.1,193.3,NA
2009 May,317,540,818,10.6,3.47,4.91,186.9,16,actual,30,434,652,819,10.1,4.06,5.07,191.2,NA
2009 Jun,296,585,797,10.6,3.53,5.42,187.1,15,actual,28,440,560,839,10.1,3.99,4.85,190.2,NA
2009 Jul,278,594,797,11.1,3.52,5.25,187.6,17,actual,24,442,490,846,10.1,3.99,4.78,188.1,NA
2009 Aug,262,586,792,11.1,3.4,5.14,188.1,18,actual,22,435,582,818,10.1,3.83,4.91,186.9,NA
2009 Sep,248,585,721,11.1,3.31,5.04,189.3,19,actual,20,427,505,797,10.1,3.85,5.42,187.1,NA
2009 Oct,232,534,746,10.7,3.41,5.03,189.7,17,actual,19,419,478,797,10.6,4.01,5.25,187.6,NA
2009 Nov,218,588,844,10.7,3.21,4.78,189.2,17,actual,19,406,540,792,10.6,2.93,5.14,188.1,NA
2009 Dec,205,581,750,10.7,3.85,5.14,189.4,16,actual,18,391,585,721,10.6,2.25,5.04,189.3,NA
2010 Jan,191,614,689,10.6,3.63,4.98,190.3,15,actual,19,382,594,746,11.1,2.87,5.03,189.7,NA
2010 Feb,180,604,670,10.6,3.61,5.05,192.2,17,actual,20,372,586,844,11.1,3.02,4.78,189.2,NA
2010 Mar,175,636,635,10.6,3.84,4.99,193.7,15,actual,20,354,585,750,11.1,2.71,5.14,189.4,NA
2010 Apr,171,687,737,10.6,3.69,5.06,196.5,19,actual,20,332,534,689,10.7,3.16,4.98,190.3,NA
2010 May,164,583,702,10.6,3.31,4.78,198.9,22,actual,19,317,588,670,10.7,3.47,5.05,192.2,NA
2010 Jun,155,536,894,10.6,2.97,4.69,197.2,16,actual,18,296,581,635,10.7,3.53,4.99,193.7,NA
2010 Jul,155,546,572,10.3,2.94,4.54,195.6,14,actual,16,278,614,737,10.6,3.52,5.06,196.5,NA
2010 Aug,160,599,592,10.3,2.47,4.36,194.1,13,actual,16,262,604,702,10.6,3.4,4.78,198.9,NA
2010 Sep,159,594,632,10.3,2.53,4.32,193.9,13,actual,17,248,636,894,10.6,3.31,4.69,197.2,NA
2010 Oct,160,543,605,9.4,2.63,4.23,193.8,15,actual,14,232,687,572,10.6,3.41,4.54,195.6,NA
2010 Nov,154,545,552,9.4,2.81,4.4,193.6,16,actual,9,218,583,592,10.6,3.21,4.36,194.1,NA
2010 Dec,154,539,565,9.4,3.3,4.86,194.2,16,actual,9,205,536,632,10.6,3.85,4.32,193.9,NA
2011 Jan,160,630,520,9.7,3.42,4.8,195.9,16,actual,8,191,546,605,10.3,3.63,4.23,193.8,NA
2011 Feb,160,517,615,9.7,3.42,4.95,198.1,16,actual,9,180,599,552,10.3,3.61,4.4,193.6,NA
2011 Mar,155,600,591,9.7,3.47,4.86,199.7,17,actual,9,175,594,565,10.3,3.84,4.86,194.2,NA
2011 Apr,157,554,549,9.2,3.32,4.78,201.1,16,actual,14,171,543,520,9.4,3.69,4.8,195.9,NA
2011 May,158,561,549,9.2,3.05,4.6,201.6,16,actual,16,164,545,615,9.4,3.31,4.95,198.1,NA
2011 Jun,160,608,579,9.2,3.18,4.51,201.9,13,actual,15,155,539,591,9.4,2.97,4.86,199.7,NA
2011 Jul,165,623,634,9.8,2.82,4.55,202.6,15,actual,17,155,630,549,9.7,2.94,4.78,201.1,NA
2011 Aug,166,585,614,9.8,2.23,4.22,202.8,15,actual,18,160,517,549,9.7,2.47,4.6,201.6,NA
2011 Sep,171,650,603,9.8,1.92,4.01,202.7,14,actual,19,159,600,579,9.7,2.53,4.51,201.9,NA
2011 Oct,177,610,566,9.4,2.17,4.1,202.7,17,actual,17,160,554,634,9.2,2.63,4.55,202.6,NA
2011 Nov,187,711,585,9.4,2.08,3.98,202.2,19,actual,17,154,561,614,9.2,2.81,4.22,202.8,NA
2011 Dec,188,694,610,9.4,1.89,3.95,202.2,21,actual,16,154,608,603,9.2,3.3,4.01,202.7,NA
2012 Jan,190,723,545,8.8,1.83,3.98,203.9,25,actual,15,160,623,566,9.8,3.42,4.1,202.7,NA
2012 Feb,194,704,561,8.8,1.98,3.95,205.1,28,actual,17,160,585,585,9.8,3.42,3.98,202.2,NA
2012 Mar,202,695,582,8.8,2.23,3.99,205.7,28,actual,15,155,650,610,9.8,3.47,3.95,202.2,NA
2012 Apr,207,753,671,8.6,1.95,3.88,206.3,24,actual,19,157,610,545,9.4,3.32,3.98,203.9,NA
2012 May,211,708,626,8.6,1.59,3.75,206.5,28,actual,22,158,711,561,9.4,3.05,3.95,205.1,NA
2012 Jun,220,757,625,8.6,1.67,3.66,206.6,29,actual,16,160,694,582,9.4,3.18,3.99,205.7,NA
2012 Jul,219,740,676,8.6,1.51,3.49,206.2,35,actual,14,165,723,671,8.8,2.82,3.88,206.3,NA
2012 Aug,222,754,684,8.6,1.57,3.59,205.5,37,actual,13,166,704,626,8.8,2.23,3.75,206.5,NA
2012 Sep,232,847,652,8.6,1.65,3.4,206.6,40,actual,13,171,695,625,8.8,1.92,3.66,206.6,NA
2012 Oct,236,915,730,8.7,1.72,3.41,205.5,41,actual,15,177,753,676,8.6,2.17,3.49,206.2,NA
2012 Nov,246,833,668,8.7,1.62,3.32,205.6,45,actual,16,187,708,684,8.6,2.08,3.59,205.5,NA
2012 Dec,258,976,677,8.7,1.78,3.35,206.4,47,actual,16,188,757,652,8.6,1.89,3.4,206.6,NA
2013 Jan,265,888,714,8.6,2.02,3.53,208.4,47,actual,16,190,740,730,8.6,1.83,3.41,205.5,NA
2013 Feb,280,962,729,8.6,1.89,3.51,209.1,46,actual,16,194,754,668,8.6,1.98,3.32,205.6,NA
2013 Mar,290,1010,816,8.6,1.87,3.57,209.8,44,actual,17,202,847,677,8.6,2.23,3.35,206.4,NA
2013 Apr,293,835,712,8.2,1.7,3.4,210.7,41,actual,16,207,915,714,8.7,1.95,3.53,208.4,NA
2013 May,303,930,708,8.2,2.16,3.81,209.5,44,actual,16,211,833,729,8.7,1.59,3.51,209.1,NA
2013 Jun,305,839,736,8.2,2.52,4.46,208.8,51,actual,13,220,976,816,8.7,1.67,3.57,209.8,NA
2013 Jul,311,880,784,8.3,2.6,4.31,208.3,56,actual,15,219,888,712,8.6,1.51,3.4,210.7,NA
2013 Aug,321,917,765,8.3,2.78,4.51,208.9,58,actual,15,222,962,708,8.6,1.57,3.81,209.5,NA
2013 Sep,327,850,776,8.3,2.64,4.32,208.9,57,actual,14,232,1010,736,8.6,1.65,4.46,208.8,NA
2013 Oct,337,925,801,8.2,2.57,4.1,209.3,54,actual,17,236,835,784,8.2,1.72,4.31,208.3,NA
2013 Nov,350,1100,839,8.2,2.75,4.29,209.8,54,actual,19,246,930,765,8.2,1.62,4.51,208.9,NA
2013 Dec,362,1002,778,8.2,3.04,4.48,209.8,57,actual,21,258,839,776,8.2,1.78,4.32,208.9,NA
2014 Jan,368,888,838,8.3,2.67,4.32,211.7,56,actual,25,265,880,801,8.3,2.02,4.1,209.3,NA
2014 Feb,370,944,876,8.3,2.66,4.37,212.7,46,actual,28,280,917,839,8.3,1.89,4.29,209.8,NA
2014 Mar,379,970,893,8.3,2.73,4.4,213.4,46,actual,28,290,850,778,8.3,1.87,4.48,209.8,NA
2014 Apr,392,1043,834,7.5,2.67,4.33,213.6,46,actual,24,293,925,838,8.2,1.7,4.32,211.7,NA
2014 May,403,1007,891,7.5,2.48,4.12,214.3,45,actual,28,303,1100,876,8.2,2.16,4.37,212.7,NA
2014 Jun,416,911,800,7.5,2.53,4.14,214.5,49,actual,29,305,1002,893,8.2,2.52,4.4,213.4,NA
2014 Jul,434,1085,839,7.4,2.58,4.12,214.8,53,actual,35,311,888,834,8.3,2.6,4.33,213.6,NA
2014 Aug,433,984,908,7.4,2.35,4.1,215.5,55,actual,37,321,944,891,8.3,2.78,4.12,214.3,NA
2014 Sep,435,1023,975,7.4,2.52,4.2,215.7,59,actual,40,327,970,800,8.3,2.64,4.14,214.5,NA
2014 Oct,438,1074,920,7,2.35,3.98,215.9,54,actual,41,337,1043,839,7.5,2.57,4.12,214.8,NA
2014 Nov,445,1001,863,7,2.18,3.97,215.8,58,actual,45,350,1007,908,7.5,2.75,4.1,215.5,NA
2014 Dec,453,1073,955,7,2.17,3.87,215.5,58,actual,47,362,911,975,7.5,3.04,4.2,215.7,NA
2015 Jan,456,1085,954,7.1,1.68,3.66,215.8,57,actual,47,368,1085,920,7.4,2.67,3.98,215.9,NA
2015 Feb,462,886,863,7.1,2,3.8,215.3,55,actual,46,370,984,863,7.4,2.66,3.97,215.8,NA
2015 Mar,471,960,781,7.1,1.94,3.69,215,52,actual,44,379,1023,955,7.4,2.73,3.87,215.5,NA
2015 Apr,489,1190,1001,6.8,2.05,3.68,214.5,56,actual,41,392,1074,954,7,2.67,3.66,215.8,NA
2015 May,495,1079,1012,6.8,2.12,3.87,213.7,54,actual,44,403,1001,863,7,2.48,3.8,215.3,NA
2015 Jun,507,1205,962,6.8,2.35,4.02,213.7,60,actual,51,416,1073,781,7,2.53,3.69,215,NA
2015 Jul,509,1146,988,7.3,2.2,3.98,213.7,60,actual,56,434,1085,1001,7.1,2.58,3.68,214.5,NA
2015 Aug,514,1130,974,7.3,2.21,3.84,213.3,61,actual,58,433,886,1012,7.1,2.35,3.87,213.7,NA
2015 Sep,526,1224,1040,7.3,2.06,3.86,212.5,61,actual,57,435,960,962,7.1,2.52,4.02,213.7,NA
2015 Oct,528,1058,985,7,2.16,3.76,212.4,65,actual,54,438,1190,988,6.8,2.35,3.98,213.7,NA
2015 Nov,538,1172,1000,7,2.21,3.95,211.7,62,actual,54,445,1079,974,6.8,2.18,3.84,213.3,NA
2015 Dec,545,1146,1023,7,2.27,4.01,210.9,60,actual,57,453,1205,1040,6.8,2.17,3.86,212.5,NA
2016 Jan,540,1092,1056,7,1.94,3.79,211.4,61,actual,56,456,1146,985,7.3,1.68,3.76,212.4,NA
2016 Feb,547,1225,1037,7,1.74,3.62,211.3,58,actual,46,462,1130,1000,7.3,2,3.95,211.7,NA
2016 Mar,551,1111,1003,7,1.78,3.71,211.6,58,actual,46,471,1224,1023,7.3,1.94,4.01,210.9,NA
2016 Apr,557,1163,945,6.7,1.83,3.66,212.7,58,actual,46,489,1058,1056,7,2.05,3.79,211.4,NA
2016 May,570,1148,1000,6.7,1.84,3.64,213.7,58,actual,45,495,1172,1037,7,2.12,3.62,211.3,NA
2016 Jun,574,1203,1109,6.7,1.49,3.48,214.6,60,actual,49,507,1146,1003,7,2.35,3.71,211.6,NA
2016 Jul,590,1239,1072,6.8,1.46,3.48,215.3,58,actual,53,509,1092,945,7,2.2,3.66,212.7,NA
2016 Aug,596,1171,1054,6.8,1.58,3.43,216,59,actual,55,514,1225,1000,7,2.21,3.64,213.7,NA
2016 Sep,593,1068,1035,6.8,1.6,3.42,215.3,65,actual,59,526,1111,1109,7,2.06,3.48,214.6,NA
2016 Oct,599,1313,1070,6.9,1.84,3.47,214.8,63,actual,54,528,1163,1072,6.7,2.16,3.48,215.3,NA
2016 Nov,588,1140,1244,6.9,2.37,4.03,214.5,63,actual,58,538,1148,1054,6.7,2.21,3.43,216,NA
2016 Dec,602,1252,1101,6.9,2.45,4.32,215.5,69,actual,58,545,1203,1035,6.7,2.27,3.42,215.3,NA
2017 Jan,610,1190,1081,7,2.45,4.19,217.3,67,actual,57,540,1239,1070,6.8,1.94,3.47,214.8,NA
2017 Feb,611,1271,1148,7,2.36,4.16,218.8,65,actual,55,547,1171,1244,6.8,1.74,4.03,214.5,NA
2017 Mar,609,1190,1147,7,2.4,4.14,219.7,71,actual,52,551,1068,1101,6.8,1.78,4.32,215.5,NA
2017 Apr,607,1146,1069,7.3,2.29,4.03,221,68,actual,56,557,1313,1081,6.9,1.83,4.19,217.3,NA
2017 May,600,1157,1170,7.3,2.21,3.95,221.7,69,actual,54,570,1140,1148,6.9,1.84,4.16,218.8,NA
2017 Jun,598,1249,1236,7.3,2.31,3.88,221.9,66,actual,60,574,1252,1147,6.9,1.49,4.14,219.7,NA
2017 Jul,600,1206,1173,7.5,2.3,3.92,221.9,64,actual,60,590,1190,1069,7,1.46,4.03,221,NA
2017 Aug,596,1159,1107,7.5,2.12,3.82,222.4,67,actual,61,596,1271,1170,7,1.58,3.95,221.7,NA
2017 Sep,601,1181,1113,7.5,2.33,3.83,223.1,64,actual,61,593,1190,1236,7,1.6,3.88,221.9,NA
2017 Oct,603,1257,1196,6.9,2.38,3.94,223.9,68,actual,65,599,1146,1173,7.3,1.84,3.92,221.9,NA
2017 Nov,601,1273,1182,6.9,2.42,3.9,223.9,69,actual,62,588,1157,1107,7.3,2.37,3.82,222.4,NA
2017 Dec,598,1177,1200,6.9,2.4,3.99,224.1,74,actual,60,602,1249,1113,7.3,2.45,3.83,223.1,NA
2018 Jan,601,1299,1208,7,2.72,4.15,225.8,72,actual,61,610,1206,1196,7.5,2.45,3.94,223.9,NA
2018 Feb,602,1277,1288,7,2.87,4.4,228.7,71,actual,58,611,1159,1182,7.5,2.36,3.9,223.9,NA
2018 Mar,606,1318,1181,7,2.74,4.44,231.3,70,actual,58,609,1181,1200,7.5,2.4,3.99,224.1,NA
2018 Apr,597,1276,1224,6.8,2.95,4.58,232.4,68,actual,58,607,1257,1208,6.9,2.29,4.15,225.8,NA
2018 May,596,1357,1262,6.8,2.83,4.56,236.8,70,actual,58,600,1273,1288,6.9,2.21,4.4,228.7,NA
2018 Jun,590,1192,1212,6.8,2.85,4.55,239.2,68,actual,60,598,1177,1181,6.9,2.31,4.44,231.3,NA
2018 Jul,587,1208,1150,7.1,2.96,4.54,239.6,68,actual,58,600,1299,1224,7,2.3,4.58,232.4,NA
2018 Aug,590,1288,1262,7.1,2.86,4.52,239.4,67,actual,59,596,1277,1262,7,2.12,4.56,236.8,NA
2018 Sep,596,1250,1187,7.1,3.05,4.72,240,67,actual,65,601,1318,1212,7,2.33,4.55,239.2,NA
2018 Oct,599,1221,1122,6.6,3.15,4.86,238.7,68,actual,63,603,1276,1150,6.8,2.38,4.54,239.6,NA
2018 Nov,602,1181,1131,6.6,3.01,4.81,238.8,60,actual,63,601,1357,1262,6.8,2.42,4.52,239.4,NA
2018 Dec,602,1095,1053,6.6,2.69,4.55,238.3,56,actual,69,598,1192,1187,6.8,2.4,4.72,240,NA
2019 Jan,602,1226,1247,7,2.63,4.46,238.5,58,actual,67,601,1208,1122,7.1,2.72,4.86,238.7,NA
2019 Feb,594,1121,1304,7,2.73,4.35,238.1,62,actual,65,602,1288,1131,7.1,2.87,4.81,238.8,NA
2019 Mar,586,1191,1313,7,2.41,4.06,238.1,62,actual,71,606,1250,1053,7.1,2.74,4.55,238.3,NA
2019 Apr,584,1272,1308,6.8,2.51,4.2,237.2,63,actual,68,597,1221,1247,6.6,2.95,4.46,238.5,NA
2019 May,595,1293,1221,6.8,2.14,3.99,237.3,66,actual,69,596,1181,1304,6.6,2.83,4.35,238.1,NA
2019 Jun,606,1243,1178,6.8,2,3.73,236.3,64,actual,66,590,1095,1313,6.6,2.85,4.06,238.1,NA
2019 Jul,609,1240,1215,6.8,2.02,3.75,235.6,65,actual,64,587,1226,1308,7,2.96,4.2,237.2,NA
2019 Aug,617,1375,1313,6.8,1.5,3.58,234.4,67,actual,67,590,1121,1221,7,2.86,3.99,237.3,NA
2019 Sep,624,1311,1154,6.8,1.68,3.64,234.4,68,actual,64,596,1191,1178,7,3.05,3.73,236.3,NA
2019 Oct,626,1325,1289,6.4,1.69,3.78,233.8,71,actual,68,599,1272,1215,6.8,3.15,3.75,235.6,NA
2019 Nov,636,1353,1266,6.4,1.78,3.68,232.8,71,actual,69,602,1293,1313,6.8,3.01,3.58,234.4,NA
2019 Dec,645,1548,1308,6.4,1.92,3.74,232.2,76,actual,74,602,1243,1154,6.8,2.69,3.64,234.4,NA
2020 Jan,657,1581,1308,6.6,1.51,3.51,233.4,75,actual,72,602,1240,1289,6.8,2.63,3.78,233.8,NA
2020 Feb,671,1549,1237,6.6,1.13,3.45,234.6,74,actual,71,594,1375,1266,6.8,2.73,3.68,232.8,NA
2020 Mar,671,1266,1237,6.6,0.7,3.5,236.3,72,actual,70,586,1311,1308,6.8,2.41,3.74,232.2,NA
2020 Apr,666,936,1181,5.7,0.64,3.23,234.3,30,actual,68,584,1325,1308,6.4,2.51,3.51,233.4,NA
2020 May,657,1039,1174,5.7,0.65,3.15,233.3,37,actual,70,595,1353,1237,6.4,2.14,3.45,234.6,NA
2020 Jun,660,1266,1229,5.7,0.66,3.13,234.8,58,actual,68,606,1548,1237,6.4,2,3.5,236.3,NA
2020 Jul,672,1526,1309,6.4,0.55,2.99,237,72,actual,68,609,1581,1181,6.6,2.02,3.23,234.3,NA
2020 Aug,671,1396,1263,6.4,0.72,2.91,240.9,78,actual,67,617,1549,1174,6.6,1.5,3.15,233.3,NA
2020 Sep,661,1473,1437,6.4,0.69,2.9,246.9,83,actual,67,624,1266,1229,6.6,1.68,3.13,234.8,NA
2020 Oct,649,1543,1395,6.5,0.88,2.81,246.4,85,actual,68,626,936,1309,5.7,1.69,2.99,237,NA
2020 Nov,652,1543,1261,6.5,0.84,2.72,244.3,90,actual,60,636,1039,1263,5.7,1.78,2.91,240.9,NA
2020 Dec,645,1614,1374,6.5,0.93,2.67,248,86,actual,56,645,1266,1437,5.7,1.92,2.9,246.9,NA
2021 Jan,656,1630,1379,6.8,1.11,2.73,256.4,83,actual,58,657,1526,1395,6.4,1.51,2.81,246.4,NA
2021 Feb,656,1404,1299,6.8,1.44,2.97,264.6,84,actual,62,671,1396,1261,6.4,1.13,2.72,244.3,NA
2021 Mar,658,1696,1435,6.8,1.74,3.17,276.7,82,actual,62,671,1473,1374,6.4,0.7,2.67,248,NA
2021 Apr,665,1495,1403,6.2,1.65,2.98,291.8,83,actual,63,666,1543,1379,6.5,0.64,2.73,256.4,NA
2021 May,670,1589,1337,6.2,1.58,2.95,305.9,83,actual,66,657,1543,1299,6.5,0.65,2.97,264.6,NA
2021 Jun,679,1650,1280,6.2,1.45,3.02,315.7,81,actual,64,660,1614,1435,6.5,0.66,3.17,276.7,NA
2021 Jul,677,1597,1365,5.8,1.24,2.8,313.542,80,actual,65,672,1630,1403,6.8,0.55,2.98,291.8,NA
2021 Aug,686,1594,1329,5.8,1.3,2.87,313.083,75,actual,67,671,1404,1337,6.8,0.72,2.95,305.9,NA
2021 Sep,703,1577,1232,5.8,1.52,3.01,317.136,76,actual,68,661,1696,1280,6.8,0.69,3.02,315.7,NA
2021 Oct,718,1579,1300,5.6,1.55,3.14,322.12,80,actual,71,649,1495,1365,6.2,0.88,2.8,313.542,NA
2021 Nov,725,1705,1397,5.6,1.43,3.1,328.94,83,actual,71,652,1589,1329,6.2,0.84,2.87,313.083,NA
2021 Dec,742,1722,1331,5.6,1.52,3.11,335.032,84,actual,76,645,1650,1232,6.2,0.93,3.01,317.136,NA
2022 Jan,751,1702,1285,5.8,1.79,3.55,345.742,83,actual,75,656,1597,1300,5.8,1.11,3.14,322.12,NA
2022 Feb,769,1735,1342,5.8,1.83,3.89,343.583,81,actual,74,656,1594,1397,5.8,1.44,3.1,328.94,NA
2022 Mar,805,1712,1328,5.8,2.32,4.67,345.852,79,actual,72,658,1577,1331,5.8,1.74,3.11,335.032,NA
2022 Apr,828,1820,1344,5.6,2.89,5.1,343.786,77,actual,30,665,1579,1285,5.6,1.65,3.55,345.742,NA
2022 May,839,1531,1427,5.6,2.85,5.1,353.015,69,actual,37,670,1705,1342,5.6,1.58,3.89,343.583,NA
2022 Jun,843,1551,1369,5.6,2.98,5.7,349.8,67,actual,58,679,1722,1328,5.6,1.45,4.67,345.852,NA
2022 Jul,848,1381,1421,6,2.67,5.3,346.79,55,actual,72,677,1702,1344,5.8,1.24,5.1,343.786,NA
2022 Aug,870,1531,1367,6,3.15,5.55,342.753,49,actual,78,686,1735,1427,5.8,1.3,5.1,353.015,NA
2022 Sep,889,1488,1433,6,3.83,6.7,336.464,46,actual,83,703,1712,1369,5.8,1.52,5.7,349.8,NA
2022 Oct,909,1435,1398,5.8,4.1,7.08,333.796,38,actual,85,718,1820,1421,5.6,1.55,5.3,346.79,NA
2022 Nov,919,1424,1552,5.8,3.68,6.58,330.369,33,actual,90,725,1531,1367,5.6,1.43,5.55,342.753,NA
2022 Dec,922,1308,1396,5.8,3.88,6.42,326.449,31,actual,86,742,1551,1433,5.6,1.52,6.7,336.464,NA
2023 Jan,935,1361,1390,6.4,3.52,6.13,327.338,35,actual,83,751,1381,1398,6,1.79,7.08,333.796,NA
2023 Feb,945,1399,1536,6.4,3.92,6.5,330.532,42,actual,84,769,1531,1552,6,1.83,6.58,330.369,NA
2023 Mar,958,1377,1495,6.4,3.48,6.32,331.729,44,actual,82,805,1488,1396,6,2.32,6.42,326.449,NA
2023 Apr,969,1354,1425,6.3,3.44,6.43,333.366,45,actual,83,828,1435,1390,5.8,2.89,6.13,327.338,NA
2023 May,984,1584,1503,6.3,3.64,6.57,337.473,50,actual,83,839,1424,1536,5.8,2.85,6.5,330.532,NA
2023 Jun,991,1421,1464,6.3,3.81,6.71,337.336,55,actual,81,843,1308,1495,5.8,2.98,6.32,331.729,NA
2023 Jul,999,1460,1352,6.6,3.97,6.81,334.512,56,actual,80,848,1361,1425,6.4,2.67,6.43,333.366,NA
2023 Aug,996,1317,1363,6.6,4.09,7.18,333.794,50,actual,75,870,1399,1503,6.4,3.15,6.57,337.473,NA
2023 Sep,989,1371,1471,6.6,4.59,7.31,332.098,44,actual,76,889,1377,1464,6.4,3.83,6.71,337.336,NA
2023 Oct,994,1368,1394,6.6,4.88,7.79,328.743,40,actual,80,909,1354,1352,6.3,4.1,6.81,334.512,NA
2023 Nov,991,1514,1460,6.6,4.37,7.22,326.844,34,actual,83,919,1584,1363,6.3,3.68,7.18,333.794,NA
2023 Dec,985,1521,1575,6.6,3.88,6.61,327.644,37,actual,84,922,1421,1471,6.3,3.88,7.31,332.098,NA
2024 Jan,972,1381,1500,6.6,3.99,6.69,334.374,44,actual,83,935,1460,1394,6.6,3.52,7.79,328.743,NA
2024 Feb,956,1552,1674,6.6,4.25,6.94,337.766,48,actual,81,945,1317,1460,6.6,3.92,7.22,326.844,NA
2024 Mar,935,1312,1487,6.6,4.2,6.79,330.963,51,actual,79,958,1371,1575,6.6,3.48,6.61,327.644,NA
2024 Apr,919,1385,1662,6.6,4.69,7.17,330.135,51,actual,77,969,1368,1500,6.6,3.44,6.69,334.374,NA
2024 May,937.0781768689883,NA,NA,NA,NA,NA,NA,NA,forecast,69,984,1514,1674,6.6,3.64,6.94,337.766,Regression
2024 Jun,876.4613575734817,NA,NA,NA,NA,NA,NA,NA,forecast,67,991,1521,1487,6.6,3.81,6.79,330.963,Regression
2024 Jul,885.0033989638935,NA,NA,NA,NA,NA,NA,NA,forecast,55,999,1381,1662,6.6,3.97,7.17,330.135,Regression
2024 May,910.2028523300069,NA,NA,NA,NA,NA,NA,NA,forecast,69,984,1514,1674,6.6,3.64,6.94,337.766,Pure ar(1)
2024 Jun,905.4816168092839,NA,NA,NA,NA,NA,NA,NA,forecast,67,991,1521,1487,6.6,3.81,6.79,330.963,Pure ar(1)
2024 Jul,903.4941799802468,NA,NA,NA,NA,NA,NA,NA,forecast,55,999,1381,1662,6.6,3.97,7.17,330.135,Pure ar(1)
2024 May,908.8971487344279,NA,NA,NA,NA,NA,NA,NA,forecast,69,984,1514,1674,6.6,3.64,6.94,337.766,ar(1) + All Factors
2024 Jun,901.7180043548003,NA,NA,NA,NA,NA,NA,NA,forecast,67,991,1521,1487,6.6,3.81,6.79,330.963,ar(1) + All Factors
2024 Jul,896.0906617097596,NA,NA,NA,NA,NA,NA,NA,forecast,55,999,1381,1662,6.6,3.97,7.17,330.135,ar(1) + All Factors
2024 May,905.4653312868313,NA,NA,NA,NA,NA,NA,NA,forecast,69,984,1514,1674,6.6,3.64,6.94,337.766,Pure ar(2)
2024 Jun,894.4062808556192,NA,NA,NA,NA,NA,NA,NA,forecast,67,991,1521,1487,6.6,3.81,6.79,330.963,Pure ar(2)
2024 Jul,885.7150381603228,NA,NA,NA,NA,NA,NA,NA,forecast,55,999,1381,1662,6.6,3.97,7.17,330.135,Pure ar(2)
2024 May,904.9651821829675,NA,NA,NA,NA,NA,NA,NA,forecast,69,984,1514,1674,6.6,3.64,6.94,337.766,ar(2) + All Factors
2024 Jun,893.3602237824678,NA,NA,NA,NA,NA,NA,NA,forecast,67,991,1521,1487,6.6,3.81,6.79,330.963,ar(2) + All Factors
2024 Jul,882.9615170416813,NA,NA,NA,NA,NA,NA,NA,forecast,55,999,1381,1662,6.6,3.97,7.17,330.135,ar(2) + All Factors
2024 May,905.7065961799299,NA,NA,NA,NA,NA,NA,NA,forecast,69,984,1514,1674,6.6,3.64,6.94,337.766,ar(2) + Select Factors
2024 Jun,893.6015521164602,NA,NA,NA,NA,NA,NA,NA,forecast,67,991,1521,1487,6.6,3.81,6.79,330.963,ar(2) + Select Factors
2024 Jul,884.1108372570887,NA,NA,NA,NA,NA,NA,NA,forecast,55,999,1381,1662,6.6,3.97,7.17,330.135,ar(2) + Select Factors
